StoreName,StoreType,StoreOpeningDate,Address,City,State,Country,Region,ManagerName
The Trendy Enclave,Outlet Stores,1987-10-20,"USS Santana, FPO AA 64525",South Sherrystad,Mississippi,Ghana,North,Donald
The Stylish Marketplace,Outlet Stores,2009-05-07,"25739 Waters Forge Apt. 654, Jonesport  MS 03931",Robertfort,Colorado,Sudan,East,Kelsey
The Harmony Emporium,MBO,2010-03-22,"6260 Johnston Hills Apt. 490, Sarahborough  NY 60330",West John,Iowa,Jersey,South,Michael
The Purely Vault,MBO,1984-09-08,"PSC 7505  Box 6698, APO AA 41960",Martinville,Connecticut,Greece,East,Rita
The Modern Shoppe,Exclusive,1996-06-16,"48237 Anderson Pike, Gilbertland  AR 37373",North Timothy,Maryland,Saint Barthelemy,West,Jeremy
The Modern Quest,Outlet Stores,1973-12-23,"507 Kim Path Apt. 926, Reedfort  VA 79124",Port Dale,Delaware,Sri Lanka,West,Robert
The Elegant Nook,SMB,2024-11-29,"697 Heather Lights, South Jesseview  TX 46898",North Josephside,Vermont,Congo,West,Julie
The Classy Creations,MBO,1993-08-26,"392 Lindsey Wall, West Sharonchester  NC 50192",South James,New Mexico,Martinique,West,Mary
The Timeless Essentials,MBO,2018-12-26,"USS Mcintyre, FPO AE 99902",New Austinbury,Indiana,Togo,South,Stephanie
The Dapper Avenue,SMB,1973-06-07,"05914 Jason Mountains, Washingtonborough  ND 03091",South Katelynborough,Colorado,Uzbekistan,West,Michael
The Dapper Shop,MBO,1983-11-17,"8568 Edwards Mall, Port Virginiastad  IL 42455",Phillipsburgh,Florida,Canada,East,Taylor
The Rustic Deals,SMB,1974-12-14,"27636 Hughes Hollow, West Alan  MI 91632",New Heidi,South Carolina,Yemen,South,Christina
The Elegant Shoppe,Exclusive,1970-05-09,"571 Mendoza Drive, Gomezton  HI 27148",Jordanstad,Louisiana,Western Sahara,East,Paul
The Artisan Essentials,Outlet Stores,2007-08-23,"Unit 4641 Box 6489, DPO AE 89087",Jonesview,New Jersey,Iceland,West,Scott
The Artisan Closet,Exclusive,1997-03-03,"597 Barbara Lights Suite 599, New Jacobside  MT 59667",Michaelstad,Wisconsin,Ghana,South,Jillian
The Happy Avenue,SMB,2001-08-23,"Unit 8158 Box 1899, DPO AP 12343",Christinaland,Mississippi,Spain,East,Christopher
The Unique Reflections,MBO,2015-04-20,"9001 Mark Estates Suite 398, Douglasfurt  OR 58821",East Ashley,Hawaii,Belize,West,Christopher
The Timeless Loft,Outlet Stores,1974-02-16,"765 Maria Coves Suite 381, Apriltown  VI 64951",New Debramouth,Connecticut,Lesotho,South,Stephen
The Happy Finds,MBO,2025-11-11,"24778 Adrian Burgs, Whiteberg  PA 08739",Victorialand,Kentucky,Andorra,North,Michelle
The Radiant Shop,Outlet Stores,1991-06-17,"4046 Beltran Island, Mitchellland  NY 97972",Anthonyfort,North Carolina,Sri Lanka,North,Ronnie
The Happy Nook,MBO,2013-01-30,"36676 Molina Plains Suite 010, Lewiston  VT 15763",West Thomas,Hawaii,Saint Pierre and Miquelon,South,Daniel
The Artisan Corner,SMB,1986-08-15,"Unit 3442 Box 6360, DPO AA 59236",Martinezfort,Ohio,Zambia,West,Patrick
The Rustic Reflections,Outlet Stores,1982-01-13,"06553 Mcguire Lock Apt. 958, East Kara  UT 05251",Deckerville,Maine,Wallis and Futuna,West,Vanessa
The Serene Vault,MBO,2004-10-14,"65647 Villegas Rapid, East Jennaview  AS 51031",Foxshire,Washington,United States Minor Outlying Islands,South,Nicholas
The Artisan Elegance,Outlet Stores,1997-10-25,"90024 Shawn Spring Apt. 774, East Nathanbury  MD 34878",West Jasonberg,Massachusetts,Bhutan,North,Andrew
The Elegant Sanctuary,Exclusive,2005-04-06,"986 Gonzalez Underpass Apt. 060, Port Brad  AL 02197",Loriborough,Oklahoma,Liechtenstein,South,Brian
The Shimmer Creations,MBO,2025-06-27,"PSC 0873  Box 1591, APO AE 00897",Kristinton,Arkansas,Tajikistan,East,Anthony
The Golden Quest,MBO,1973-09-17,"438 Laura Wall Suite 603, East Toddmouth  OH 76406",Berryland,Maine,Bhutan,South,Erica
The Classy Cabinet,Exclusive,2024-03-22,"00988 Stevens Lane Apt. 902, Port Melanieland  SC 08185",North Adrianmouth,South Carolina,Iran,East,Michael
The Unique Haven,Outlet Stores,1976-05-30,"6053 John Club Apt. 824, Hannahburgh  GA 88344",Jenniferland,Washington,Bolivia,East,Michelle
The Blissful Emporium,Outlet Stores,1978-09-23,"Unit 3403 Box 8602, DPO AE 24917",West Michael,Maine,Seychelles,South,April
The Harmony Perfection,MBO,2003-07-19,"28742 Nelson Trafficway Suite 685, Darlenehaven  SC 30753",Jasonbury,Kentucky,Cuba,South,Sally
The Enchanted Corner,SMB,1970-10-09,"969 Nancy Mountain, Nicolemouth  MD 42513",Ramoston,Kentucky,Benin,North,Terri
The Urban Merchant,Outlet Stores,1976-04-30,"43715 Mark Landing Suite 856, Lake Cory  WA 24198",Heathshire,Colorado,Pakistan,North,Keith
The Urban Merchant,Outlet Stores,1986-04-04,"44674 Tammy Ports Apt. 036, Danaview  OK 17748",New Brandon,South Dakota,Niger,South,Bianca
The Artisan Elegance,Exclusive,1979-01-13,"717 Kathleen Street Suite 374, New Lynn  LA 56891",New Shawna,Wisconsin,Vanuatu,West,Jennifer
The Harmony Avenue,MBO,1980-10-02,"0614 Lori Hills, New Saraville  ME 53544",Ayersfort,Utah,Christmas Island,North,Stacey
The Radiant Sanctuary,MBO,1976-10-01,"512 Humphrey Underpass Apt. 269, East Andrea  NC 11490",Parkerside,North Dakota,Somalia,North,Lance
The Enchanted Avenue,Outlet Stores,2008-08-09,"628 Anthony Motorway Suite 745, Greenport  NY 33938",Lucaschester,Iowa,Honduras,West,Charles
The Luxe Sanctuary,SMB,1984-04-23,"7180 Christopher Meadow Suite 763, North Tamara  KS 61732",Rebeccafurt,Maryland,Tunisia,North,Richard
The Cozy Essentials,Outlet Stores,2008-04-22,"633 John Motorway Apt. 185, New Hannah  MD 12806",Jonesberg,Tennessee,Guyana,East,Heather
The Urban Vault,MBO,2001-08-14,"9180 Zuniga Trafficway, Pearsonbury  MH 71921",Christopherfort,West Virginia,Slovenia,South,Jose
The Vintage Closet,MBO,2022-06-24,"PSC 8791  Box 3416, APO AP 79055",New Tiffanyshire,Texas,Yemen,South,Melissa
The Polished Marketplace,MBO,1976-12-16,"0368 Harding Bridge, Ryanborough  AS 02524",Michaelville,Missouri,Dominica,East,Michael
The Timeless Marketplace,SMB,1981-01-14,"191 Kline Underpass, East Jeffreyville  WV 38973",Davidton,New York,New Caledonia,East,Victoria
The Cozy Vault,Outlet Stores,2019-10-10,"897 Williams Wall, Waltonstad  FL 39116",Christopherstad,New Mexico,El Salvador,West,Alec
The Radiant Finds,Exclusive,1980-06-07,"86125 Brian Ports, East Natalie  MI 58887",Lake Alexander,Utah,French Guiana,West,Lori
The Shimmer Corner,Outlet Stores,1971-07-16,"9930 Walters Knoll Apt. 786, East Jacobside  WY 50076",Anthonyton,Wyoming,Guadeloupe,West,Leah
The Blissful Haven,Exclusive,2015-01-28,"311 Martin Trace Suite 800, Jaytown  SD 62409",Paulland,Connecticut,Dominica,West,Benjamin
The Cozy Corner,Outlet Stores,1989-07-07,"9574 Robert Villages, Jefferymouth  ME 20231",Joseshire,Texas,Mexico,East,Natalie
The Enchanted Boutique,MBO,1970-05-01,"65732 Jones Burg, Brettfort  HI 56266",East Rachelhaven,Idaho,Indonesia,North,Connor
The Majestic Boutique,Outlet Stores,2023-04-04,"63575 Jon Hill Apt. 029, Dianeborough  WV 93498",New Tiffany,West Virginia,French Southern Territories,East,Jason
The Elegant Avenue,Outlet Stores,2008-02-02,"Unit 7341 Box 8552, DPO AP 87111",New Ashleyfurt,Arkansas,Haiti,East,Nancy
The Vintage Emporium,SMB,1973-06-21,"11810 Clark Burg, New Lorimouth  WV 48750",Dixonport,Idaho,Cook Islands,East,Jaclyn
The Elegant Nook,MBO,2007-09-18,"5721 Perez Roads Apt. 235, Davidside  KS 53423",Brandonland,Mississippi,Saint Lucia,North,Gregory
The Rustic Finds,MBO,1981-01-17,"USNV Petersen, FPO AA 35458",Paynefurt,Oregon,Kuwait,South,William
The Luxe Shoppe,Exclusive,2018-06-08,"7942 Raymond Plains Apt. 229, Meganhaven  DE 40081",Lake Pamela,Indiana,Congo,South,Jason
The Dapper Nook,MBO,2012-06-23,"437 Vanessa Union, Smithton  DC 31603",Andrealand,Vermont,Philippines,East,Cassandra
The Modern Nook,MBO,1996-10-13,"175 Michael Gardens Apt. 181, Dennisfort  OR 77541",Port Jerry,Rhode Island,Djibouti,South,Charles
The Classy Boutique,MBO,2001-02-03,"856 Mcguire Stravenue Suite 260, Ayalafurt  NV 16068",Crossland,North Dakota,Madagascar,East,Dylan
The Serene Treasures,Outlet Stores,2014-11-11,"15337 Kyle Stream, Port Michael  OR 82282",Millerville,New Mexico,Cambodia,West,Allison
The Chic Marketplace,MBO,1984-07-22,"993 Berry Crescent, Morrisonberg  OH 30284",South Derrickstad,New Mexico,Turks and Caicos Islands,East,Gregory
The Trendy Enclave,Exclusive,1991-05-21,"36826 Catherine Orchard Apt. 691, Fryeburgh  WV 26343",North Nicholasmouth,Maryland,Mauritius,South,Rachael
The Rustic Closet,Exclusive,1994-04-15,"21072 Bowen Keys, South Julieton  OH 93741",Kaitlynstad,Maine,Italy,South,Richard
The Trendy Enclave,Exclusive,2013-07-01,"75102 Holly Pike, North Cynthiafurt  GU 95767",Serranoside,Vermont,Brazil,East,Donald
The Rustic Haven,SMB,2014-12-20,"1161 Ramirez Stravenue Apt. 995, Gatesbury  PR 56390",Brianville,Georgia,Guatemala,North,Mitchell
The Luxe Enclave,MBO,2018-04-17,"756 Michelle Crest, Lake Denise  OK 06608",Port Eric,Maryland,Greenland,East,Laura
The Elegant Perfection,SMB,1988-03-12,"7977 Jason Pike Apt. 110, South Lawrenceborough  CT 71871",Rodneyton,Virginia,Ireland,East,Barbara
The Purely Hub,SMB,2023-02-18,"679 Stewart Green, East Michellehaven  DC 75734",New Tanyabury,Texas,Swaziland,North,Juan
The Stylish Boutique,SMB,1980-05-10,"93091 Manning Estate Apt. 314, Elizabethbury  RI 40936",Lake Teresa,Montana,Lao People's Democratic Republic,East,James
The Unique Sanctuary,Outlet Stores,2024-05-08,"2324 Juarez Highway, Whiteland  FL 76064",Smithberg,North Dakota,Suriname,North,Nathaniel
The Timeless Closet,Outlet Stores,2012-12-11,"3482 Hicks Mount Apt. 753, Bellstad  NJ 47677",New Toddton,North Carolina,Liechtenstein,West,Jennifer
The Purely Hub,MBO,2005-12-25,"5192 Kathleen Extensions Suite 533, New Robertside  ME 30578",Lake Kellyfort,Wyoming,Guinea-Bissau,East,John
The Urban Enclave,MBO,1973-02-19,"671 Greene Rapids, Port Lisaton  TN 62246",Frostmouth,Utah,Netherlands Antilles,West,Christopher
The Luxe Enclave,SMB,2016-11-22,"0688 Gillespie Cove Apt. 677, Stephenborough  IN 48609",Port Courtney,Mississippi,Andorra,East,Barbara
The Urban Shoppe,Exclusive,2002-02-06,"306 Hall Fields, South Peterburgh  MS 50074",Ryantown,Mississippi,United Arab Emirates,North,Luis
The Urban Shoppe,MBO,1997-09-13,"15091 Steele Rapids, Port Robert  VT 29864",Combsside,Oregon,Tuvalu,East,Nicole
The Vintage Avenue,Exclusive,2006-09-04,"Unit 9881 Box 4107, DPO AP 50017",Garrettmouth,North Carolina,Malawi,South,Laura
The Modern Sanctuary,Exclusive,2007-08-12,"657 Bennett Island Suite 226, Nelsonbury  ID 43290",East Davidport,Idaho,Seychelles,West,Thomas
The Blissful Shop,MBO,2009-11-28,"3269 Holt Island, Lake Sarahberg  MS 38868",North Bernardside,Mississippi,Timor-Leste,North,Curtis
The Artisan Merchant,Outlet Stores,1971-09-09,"58344 Christopher Islands Suite 707, North Rebeccachester  MT 21184",Danielland,Vermont,Tokelau,South,Anthony
The Purely Loft,Outlet Stores,2024-04-08,"PSC 7655  Box 0637, APO AA 01133",Wolfechester,Missouri,Portugal,North,Ryan
The Harmony Deals,SMB,2006-10-05,"062 Lopez River, New Kathystad  NJ 50364",East Kevinshire,Connecticut,Namibia,East,Zachary
The Modern Vault,MBO,2019-06-28,"98747 Howard Knoll Suite 287, New Annatown  SD 84154",Jacobton,California,Mauritania,East,Elizabeth
The Stylish Marketplace,SMB,1993-01-05,"03616 Padilla Parkway, Staceychester  FM 14132",New Steven,Delaware,Iran,South,Richard
The Enchanted Enclave,Exclusive,1974-01-14,"9513 Timothy Road, South Connieton  PA 95116",Samanthachester,Washington,Martinique,East,Sarah
The Whimsy Oasis,Exclusive,1977-09-04,"60799 Jennifer Mount Suite 004, Matthewchester  AK 20582",Lake Danatown,Kentucky,Slovakia (Slovak Republic),North,Erica
The Luxe Treasures,MBO,2016-06-16,"9006 Wilson Forest, Melissamouth  KY 47306",Davisstad,Oregon,Chile,South,Michael
The Chic Reflections,SMB,2009-07-21,"747 Vincent Center Suite 208, South Lindsay  DE 50635",East Brianbury,South Dakota,Niger,East,John
The Trendy Vault,Exclusive,2022-02-08,"3914 Dana Locks, Morrisside  NJ 65908",Whitefort,Nebraska,Cuba,North,Theresa
The Shimmer Elegance,SMB,2022-06-28,"025 Brown Square Suite 321, Port Kristinamouth  NJ 26394",Marioburgh,Indiana,Croatia,East,Scott
The Artisan Cabinet,Exclusive,1977-05-16,"58234 Heath Crossroad Suite 746, East Sarahburgh  NY 46476",Summermouth,Kansas,Sao Tome and Principe,North,Leslie
The Timeless Enclave,Exclusive,2009-09-16,"796 Edwards Junctions Suite 103, Hortonland  SD 02478",Sethfort,Maryland,Azerbaijan,East,Robin
The Radiant Haven,Outlet Stores,1976-12-04,"962 Maynard Parkways, Williamsland  CT 75227",Annamouth,Oklahoma,Gabon,West,Andrew
The Luxe Elegance,Outlet Stores,2004-08-02,"40955 Erica Freeway, West Kathleenchester  ND 71184",Port Jamie,Oklahoma,Malta,West,Courtney
The Serene Cabinet,MBO,2001-04-01,"40684 Brandi Mill, Malonebury  WY 79743",Josephton,Tennessee,Mexico,South,Nicolas
The Chic Marketplace,Exclusive,2005-03-27,"812 Hall Stream, Millerchester  CA 52839",West Laura,Louisiana,Iceland,East,Donald
The Trendy Creations,Outlet Stores,2024-07-28,"Unit 6834 Box 6523, DPO AE 31537",New Tamarabury,Oregon,Montserrat,East,Benjamin
The Vintage Deals,SMB,1994-12-02,"20402 Brown Coves Apt. 924, West Kellystad  DE 28237",East Travis,Delaware,Mauritania,West,Thomas
The Trendy Boutique,MBO,1991-01-29,"215 Williams Lodge, Melissaview  DE 88266",West Brianland,Iowa,Mauritius,East,Ellen
